Id,gripForce
0,46.300854461704304
1,55.57071828872098
2,31.2360326224832
3,22.777053544653477
4,35.457416559809595
5,57.169577332176736
6,32.40379797115761
7,52.677186626418674
8,30.39486283650459
9,41.43718566693548
10,61.12444963637484
11,54.09347124367335
12,56.208567039615254
13,57.00613794689664
14,50.24536043319452
15,33.119406407515164
16,55.72954785015635
17,29.433569540712536
18,55.3693635749664
19,30.58844131565114
20,30.52266039612496
21,55.09747086681935
22,48.35203303974663
23,49.787797235123236
24,30.863827287214875
25,49.201884465784936
26,34.46597730313995
27,34.93457300762431
28,45.66440256277666
29,50.93338170772374
30,53.71589554665726
31,46.6391606418406
32,34.562824237260266
33,54.839976715172064
34,31.123495013404657
35,48.52744801319163
36,34.184898343372836
37,55.76495347601234
38,31.51250009310068
39,49.868406851025526
40,62.01897608102486
41,56.75612935409038
42,33.39574461250569
43,52.42774264010414
44,50.96722340934447
45,54.29177020441912
46,56.55468130041743
47,49.10532790228733
48,53.6863033301392
49,51.563713352888875
50,34.5254978402387
51,54.519840255730024
52,28.471313520858484
53,57.73420081218889
54,32.1939192967426
55,47.52641434128245
56,29.549980956678866
57,49.64314314373404
58,33.0565189594219
59,32.00007941483133
60,47.25328765617146
61,50.40904042012721
62,30.944151172832527
63,29.59375334731395
64,46.699803617527905
65,32.86007235736301
66,42.97449908224454
67,49.19151226801301
68,62.259723002116345
69,40.51823463221104
70,33.2317464188477
71,47.356312672554516
72,51.14999854952839
73,50.73466232356054
74,34.04021003431475
75,56.30735986096995
76,50.13149038484066
77,49.59238408754846
78,57.99548964854971
79,51.818117864439245
80,29.542827248820913
81,49.9604245130478
82,30.784096995410515
83,31.914766489946036
84,30.806208787937024
85,52.79158269516614
86,29.917072549835883
87,56.02681520218376
88,53.8088505070428
89,30.68456661996004
90,29.217031587190498
91,48.663641339785066
92,30.45888703895416
93,31.76253959230716
94,51.973841835892664
95,32.99859292355569
96,59.19466037395515
97,52.476886849045265
98,58.226589472021686
99,53.02720015045311
100,52.91455770857898
101,51.756692171659815
102,86.88651077713618
103,39.650193896584994
104,54.60880136449901
105,49.78106245179033
106,51.908856163846664
107,48.63199747345316
108,31.526032915297584
109,51.206736348974964
110,31.65966552347875
111,29.12780896162637
112,50.53729976572808
113,52.03114953766556
114,31.985228725747938
115,31.519698003175815
116,55.83881923250163
117,55.52721357200635
118,42.10595393650788
119,47.28419928848537
120,47.123891747944334
121,49.13736948187044
122,57.38914960993818
123,63.45673802813475
124,51.337332829315955
125,58.8583369929725
126,30.578020648899358
127,51.87428225655277
128,54.22119567213922
129,48.36800557759264
130,31.039889306127964
131,31.33306468752375
132,31.775016064166806
133,56.23679127617794
134,54.663112264750936
135,58.75772562136613
136,60.64690472199403
137,56.23191079670237
138,48.234844076163185
139,54.47552608790064
140,28.873463953485896
141,30.526275206280236
142,30.880737160748186
143,57.05001166998998
144,54.28684409761448
145,50.70135310278058
146,32.33807851143571
147,27.581472497169273
148,31.39218197641859
149,59.26498227680941
150,30.670808365883687
151,47.859745078288476
152,33.96241285707065
153,53.785766759105954
154,30.127757746417785
155,62.98331869037312
156,28.584146951084346
157,55.08485836231694
158,48.31024527183669
159,55.068905344384746
160,30.77192707324727
161,32.837231131316265
162,30.15351539114851
163,58.71705968375186
164,58.27053726656473
165,30.98480768881831
166,31.560246379903436
167,48.47265341301335
168,32.69171269798229
169,49.53340330583442
170,31.91436724952421
171,56.1304710864787
172,53.03452132433153
173,25.59500115913051
174,48.769330634471245
175,50.2650199732442
176,50.582150035295705
177,49.02810082839486
178,55.177300240780966
179,54.168643231837585
180,52.53317846280492
181,49.80512584888711
182,51.801169886499366
183,60.94530294731928
184,51.609077567805976
185,59.47222176938514
186,30.66020807936488
187,50.80301069346879
188,53.55052099808444
189,50.57129349761291
190,53.294467575032456
191,44.55904220098337
192,48.7154858153439
193,54.03358265864901
194,36.27297930380163
195,51.97529303015259
196,28.733541644519445
197,30.468085827337713
198,31.850903072418724
199,31.204594516247727
200,33.622899707389685
201,50.595626354115524
202,31.01530521895262
203,43.974366260904354
204,58.542797439751
205,49.71453264921239
206,44.72315458175569
207,52.60537115900054
208,28.15521781840843
209,54.62654872858915
210,35.7212752197671
211,50.71379939189459
212,34.718790626013735
213,55.17750459437554
214,29.905478222282294
215,45.44428971266923
216,53.329108827778924
217,50.815029544284606
218,30.35293454453651
219,54.00297623338713
220,58.76179737218569
221,30.880195804216108
222,29.439807797546475
223,50.23041231975185
224,55.46245908489016
225,55.47943948662734
226,30.83385341969909
227,50.84596952937266
228,52.13347136515366
229,50.94039774133964
230,64.02838446483686
231,30.952072977636586
232,51.67171236050954
233,47.55221561973696
234,50.90680159739442
235,43.52080468464625
236,51.88450220120745
237,58.13369169743652
238,44.651276062628455
239,60.35167691895583
240,25.603601951741673
241,27.370702352386363
242,53.42029012427917
243,48.05394974189318
244,50.94632711156363
245,52.36201560944872
246,50.95921194310992
247,55.54379533517038
248,54.677525993132825
249,49.598803771044274
250,28.9928203893665
251,50.50523316721675
252,36.620693869781185
253,32.12399776255863
254,64.05785273216226
255,30.30222783081171
256,45.96497395075949
257,51.485677370565114
258,54.77977637484669
259,52.65125914420734
260,34.050397844203474
261,30.90439718348058
262,31.633502582659425
263,28.98095782439362
264,31.314811276395957
265,49.58023073704689
266,31.518818046989455
267,31.386788226940602
268,54.83440572693005
269,44.499012395240065
270,52.68443154470327
271,34.00627360608289
272,49.77070083886758
273,31.225366506511644
274,33.98239781424419
275,49.89583718916771
276,31.49243225129075
277,50.84380737310376
278,32.08040748589598
279,34.66818180857004
280,25.48418505061643
281,34.30500928639751
282,40.13747201047727
283,32.31846418831346
284,29.196667308264985
285,75.09527254025348
286,48.85893614113657
287,50.85380204787777
288,57.79027587946199
289,53.09044197126651
290,51.83310355675649
291,31.891918103221084
292,43.60960440461493
293,31.132607335599147
294,53.19204056193628
295,46.98498301599021
296,50.28991701082026
297,28.61614762453992
298,39.949452174381264
299,51.82020307332349
300,32.94122632652815
301,53.233060610204475
302,55.24721301568047
303,54.17020919723422
304,52.11356944185756
305,51.59522558637484
306,29.63094100525788
307,35.913618388599204
308,53.121454146109436
309,50.77984441418335
310,46.51016916739914
311,52.99706019693795
312,49.524083826577986
313,30.973807785828818
314,30.869998804780373
315,54.15446002127209
316,65.40873311730368
317,53.10817309638131
318,31.2929607970977
319,31.83739834398428
320,63.72526685356911
321,29.85804486481077
322,33.261887297037475
323,28.68055630421684
324,30.482916617193606
325,28.32218045214406
326,31.550034519978304
327,50.39485061175518
328,50.40974757867672
329,50.88880410317688
330,51.31981136868978
331,33.45669910432536
332,68.73406310060156
333,30.445563122517104
334,48.13218998212772
335,52.047423871916614
336,54.238412419675186
337,47.97738105341141
338,49.37598840917578
339,28.6903949640015
340,50.54346626330266
341,34.74396368176357
342,66.19761437097277
343,56.5443834658807
344,35.717199466219654
345,49.53004448118948
346,60.92228603586568
347,59.06854368834499
348,56.90016821027478
349,52.49977730541429
350,60.9699686833763
351,33.67142635906546
352,41.9867153462944
353,50.186696919956084
354,29.47362711547478
355,28.155230070317337
356,49.8898527158078
357,61.87667446509794
358,27.873884946252726
359,53.04970212941368
360,32.884589781105866
361,46.159020690471834
362,45.073160581006846
363,50.213801240308115
364,60.14574683364533
365,50.04326242770664
366,30.309005698729738
367,50.48648401619789
368,40.410692895480125
369,51.411539618821344
370,27.981302077766784
371,50.87536614466742
372,30.54363416299946
373,55.65065728014522
374,32.60251123263835
375,54.240036006642285
376,57.456261024604785
377,26.15183265647557
378,49.76213432059134
379,50.70770553028125
380,49.68860498097403
381,53.29575984128487
382,60.67310979281284
383,29.286195284900664
384,30.13527029718243
385,46.227913181899815
386,48.779893188622985
387,53.17484505342221
388,59.636996230960754
389,53.654735080879775
390,55.31041004488381
391,31.311287347316853
392,60.56340918401956
393,51.80543160711243
394,50.8252314660974
395,31.15849930415608
396,43.39775077546331
397,42.53082375810125
398,31.651660501848937
399,39.761279364515744
400,65.4484438499793
401,56.37995857880405
402,27.517245892756016
403,51.21866989699464
404,52.42143966913244
405,52.47989462399564
406,24.717116862065538
407,59.010653736589106
408,29.356534680260395
409,47.2567016211885
410,45.266792704229076
411,50.7734592635442
412,33.86519505871523
413,59.07346945289032
414,52.354186679843494
415,47.55339780012025
416,52.12393417773685
417,53.053295331120225
418,48.9531895014687
419,52.02992996727561
420,50.06303423626955
421,51.27107197824313
422,32.113300876168275
423,52.915634404868335
424,48.080387569649005
425,48.05687819503773
426,35.242058267049686
427,53.519988065032194
428,54.89321934157009
429,59.84592605457189
430,27.226963448602277
431,32.223116724319624
432,34.03324692913924
433,34.07618349495867
434,28.430519298116714
435,46.030404476678655
436,28.305626067880425
437,59.021895031766114
438,31.080521565926325
439,29.530977304922505
440,46.70551826272366
441,50.32515327967776
442,53.00619763548978
443,61.6645569986664
444,46.15377238004025
445,32.062602287871336
446,47.5920324686779
447,47.441316621135485
448,30.156306069694324
449,56.522346698132665
450,34.18497017347234
451,48.748155949219736
452,54.29918425526384
453,50.52149139210151
454,31.118631637355495
455,30.749690069927226
456,47.940504917281636
457,35.6129320147466
458,54.46352631685027
459,53.18575588503466
460,54.10696224208671
461,56.01425250395821
462,56.18831048344073
463,56.89505688760061
464,56.788271772543396
465,28.34134762357276
466,32.48372615850849
467,30.47028815944553
468,54.23353315417273
469,54.3245927744412
470,45.89244833939688
471,51.191090688665255
472,50.93005985222064
473,32.088508486235305
474,51.15339657482783
475,54.835398691463915
476,57.36777863402911
477,54.16689754036103
478,45.864403212646494
479,51.253399059508084
480,32.25060076844094
481,30.070225091476214
482,62.264648942609966
483,30.172870139701583
484,32.67522128701525
485,37.66621807766079
486,30.459759853627915
487,67.36535043268293
488,31.06095108186708
489,80.30221850997464
490,52.093526188481796
491,53.78502491982721
492,50.39847899755544
493,47.77321847213065
494,49.83839835359949
495,32.12090638029361
496,47.04226337500968
497,27.95123208140188
498,54.10212618730629
499,50.542279638206516
500,54.513938891251534
501,50.57637903516159
502,48.97908489948074
503,34.152418462339405
504,42.24796192051101
505,56.7925693236353
506,50.97494816814124
507,33.982366605802476
508,52.146038265229244
509,31.266598759210705
510,30.119248288137257
511,55.24168102239213
512,56.17690746796294
513,51.76535108344849
514,51.81997116894989
515,48.6158840161511
516,28.820072244545177
517,49.359104723686144
518,52.64748376204473
519,34.539864419055434
520,50.71285130154706
521,54.63585078349585
522,32.077004263168234
523,52.675319276565276
524,48.99687210677796
525,28.363224223519502
526,50.79868430365906
527,59.37666505311453
528,51.30474225993801
529,54.013594558061875
530,52.30625655276032
531,46.02062831051027
532,46.14215923425464
533,49.241828391117636
534,31.852291403862754
535,32.22820109074804
536,49.398338503766254
537,52.94419589245046
538,54.001944360969595
539,46.89386303354311
540,56.73171519686676
541,53.367655723953284
542,57.396391135384185
543,49.35010831172137
544,43.08673253413626
545,28.926519697724707
546,27.91230122540675
547,30.633501251423453
548,31.050632051806044
549,51.54790887860274
550,54.42300881049761
551,31.217764222938822
552,30.555707904988346
553,65.3694920371025
554,31.057015390051284
555,52.110331797179434
556,28.534326641021977
557,51.72043073052601
558,28.91415915486784
559,48.71875260220613
560,54.29862075837053
561,62.006984518063376
562,50.35161242490133
563,40.979752666477665
564,51.84486504985797
565,29.89116680207251
566,21.84848709858349
567,49.897308729592346
568,42.981592844084076
569,53.616981422242254
570,52.47664015296505
571,50.17111580520669
572,50.09364283343209
573,32.03213172534133
574,53.6933839663273
575,50.81888474052139
576,52.063066725906694
577,50.96309287870745
578,30.61073538154445
579,53.38471773488267
580,56.25371102926129
581,31.85182804739124
582,57.656924326647605
583,36.69130726976272
584,53.19798264267922
585,48.19740680919449
586,51.70545509688707
587,56.89601012758734
588,29.36876518668251
589,29.292426263592432
590,54.321732047043554
591,50.35866231823906
592,53.75610867295872
593,51.39472480265071
594,33.13069644923643
595,28.610390523766664
596,56.81909820085374
597,29.903314785804348
598,29.6746493009601
599,31.87837375339722
600,47.76129395360948
601,52.62731814275332
602,46.15404452686626
603,30.460905837460682
604,53.065170680680616
605,32.502585251443755
606,55.20500984760527
607,34.96448007940533
608,41.28599224482437
609,49.07976066191311
610,51.44560985974156
611,33.17705016234454
612,45.24421557245377
613,53.15903602737347
614,26.90646334171789
615,29.453733579909816
616,52.734364229215956
617,30.389535235337963
618,31.269415668257455
619,48.06862495075823
620,50.88877494470065
621,48.578303862611484
622,47.83446987315163
623,51.77210224704571
624,50.36513135691749
625,32.24736887665448
626,34.644588478842245
627,58.905860583241534
628,34.15036861043347
629,54.72413030947934
630,54.66499823168085
631,35.318562903006296
632,56.918451510185925
633,28.146129895382245
634,52.13109840562103
635,31.53657947115846
636,52.73509200121172
637,35.36306158133115
638,47.65747624838447
639,53.32121175713957
640,50.37941136409092
641,50.85949442823939
642,61.819382261050556
643,48.663941886131234
644,31.70885970934924
645,29.41034061938341
646,27.767869428128797
647,55.211994544761666
648,47.07882493740437
649,32.50356678923159
650,56.541677080269565
651,47.38463977899611
652,53.164951535344215
653,49.79308047869246
654,30.915494981589987
655,50.93806543421998
656,55.606161405171086
657,52.067184037053444
658,34.343833898465135
659,32.01908287783621
660,47.34409624153522
661,29.287399302553975
662,31.767647602575146
663,61.06416797794449
664,30.235630606918154
665,30.065161952756473
666,53.082088898542175
667,31.23520593174063
668,55.74697343486251
669,53.17498591077293
670,28.461459519610774
671,68.88595529557796
672,63.114426202877624
673,51.908278406991286
674,56.674590175001285
675,29.486604810000344
676,53.535377759749686
677,31.60528161928772
678,49.52701462275967
679,53.176851599608504
680,59.386874011964245
681,52.908365359033176
682,30.988480120557877
683,48.83069359036825
684,49.10100283998734
685,31.110227263904047
686,36.93860340757765
687,29.56329903785499
688,38.467863804365884
689,31.452428167246712
690,57.641407183220025
691,48.81837217653898
692,52.22652332318499
693,27.9715128533556
694,54.799009818239576
695,30.878688498825834
696,52.0267948635044
697,34.65863140625908
698,42.63988671337414
699,53.62652869450348
700,27.068031723768065
701,57.93081820194889
702,45.08092427667707
703,50.08841584292811
704,55.197681596995245
705,33.56830073047745
706,50.83850960354742
707,34.1257106146597
708,46.206336304034195
709,31.42946885475209
710,51.784980439311774
711,32.13821039414507
712,31.11364312297253
713,50.004305785916046
714,53.78017668548547
715,31.869267059980004
716,53.47972286086932
717,49.834922381175005
718,44.39163204855666
719,52.60308614086218
720,50.81792991204868
721,30.32747580992121
722,32.10265983303811
723,32.025686122148734
724,51.1220958803911
725,77.62394930892043
726,52.73953370272882
727,51.824648866977
728,47.521074688146705
729,47.219629755053305
730,54.761421990854
731,51.543934764308965
732,31.3928077088914
733,32.379236247991464
734,57.79977610442957
735,31.69120863429147
736,32.87706554562207
737,50.35747304041017
738,33.149746988851945
739,26.502183993571748
740,47.797497134390994
741,53.14427871453441
742,34.3284850278764
743,35.61928308963244
744,54.25603925710726
745,30.82183646051857
746,29.526456245757487
747,54.37680913840424
748,64.52540674864272
749,36.679790333345466
750,56.13078472716521
751,31.599225616246503
752,48.58301818630513
753,33.040897879658274
754,29.835872003249776
755,32.067488967323975
756,50.806185292803505
757,54.02721570826927
758,34.661322175048056
759,28.48170803883904
760,27.021690555431867
761,27.0476116972525
762,48.77413529333202
763,30.636475592652925
764,56.44835224550981
765,49.42035046607281
766,54.68920715794966
767,30.434673412875345
768,26.958319323779477
769,53.90780871552269
770,59.26394322319353
771,61.20389178657485
772,55.08662499107244
773,55.213799553080776
774,52.06926498314056
775,50.94682621933804
776,57.046202758355214
777,27.4211397049908
778,31.617677326681214
779,29.41497351397721
780,49.185297654788485
781,60.64686820403657
782,44.97890562266224
783,29.943170355556763
784,47.26506121795667
785,34.40876106524238
786,55.187873550782484
787,52.96974531982564
788,35.2189797045123
789,51.06333621926195
790,56.93367046101381
791,50.05519394693329
792,54.8222119987503
793,29.286818658471184
794,49.62706261673305
795,37.52466844792691
796,56.40384007410442
797,57.14663753340131
798,30.292896151262504
799,51.93369679116087
800,46.936193153594864
801,32.887428551038774
802,56.51138797841911
803,31.343852859270992
804,50.588882965438415
805,32.41509763705128
806,59.32632608900979
807,59.370254902608146
808,30.466276290509114
809,29.16978602060548
810,52.99136807484189
811,55.02223704081414
812,48.14489055251442
813,56.55808570816435
814,50.21573812074422
815,50.956261784444244
816,50.85623285145648
817,75.5403867827835
818,58.0199300553753
819,52.32774476290439
820,50.20349769547907
821,53.845058778345184
822,63.16573642355335
823,41.83615880048363
824,27.87731118482774
825,48.10705270895111
826,51.01870967610248
827,17.062439957875526
828,45.47005343399915
829,31.330995421826866
830,31.441079531253987
831,53.00232057937161
832,49.87171479015812
833,58.573883319091465
834,29.348822345909493
835,41.8560312099725
836,48.3835904422517
837,61.01963581703993
838,57.94682336239788
839,51.59338423290377
840,32.06623764371109
841,30.98265571451292
842,32.73644368339358
843,27.26164884001363
844,51.77400128431548
845,51.04005926511312
846,44.98051999155135
847,45.39071077568138
848,25.597255995439195
849,51.9934306231298
850,30.755219971738835
851,51.08204877324437
852,51.96405603938445
853,32.38295348716455
854,47.782513541491376
855,75.59982385449553
856,38.715810979258336
857,31.29402742171652
858,31.517553031877288
859,31.0578743783845
860,33.32142823495982
861,38.007131555973544
862,55.79815061584207
863,32.91750899069059
864,48.95687944882807
865,48.367529437541386
866,32.26079687208068
867,53.16995592661676
868,52.73502642362872
869,54.12799382716394
870,51.00948070518505
871,53.33561295833515
872,49.84988871291263
873,32.52551091097787
874,30.753891184036423
875,54.415232211377294
876,28.827731475941626
877,50.14028354906385
878,31.86158576633941
879,52.5553856149191
880,31.84735976214381
881,34.66871767939499
882,48.777858520960294
883,31.748845886958314
884,53.076109350569716
885,48.43477870388451
886,53.001746641661704
887,48.31052852149318
888,48.71924741756818
889,37.40185401818781
890,44.68276339405935
891,52.21880166515289
892,32.91252988518503
893,47.48638512384524
894,50.3553749769122
895,31.069321701718792
896,58.06056619316967
897,51.38184532028805
898,53.000667053166936
899,55.48455864011723
900,48.75931097719158
901,33.532770823483354
902,28.95753839769091
903,29.60429896703085
904,36.65843642672275
905,50.13981349969866
906,65.02263724009545
907,30.56174551817396
908,54.26827692967523
909,45.21535957082678
910,52.868265846321755
911,56.33770391226062
912,51.754347143173554
913,29.620821643755026
914,50.230063020882696
915,59.62808401054963
916,49.829202802954605
917,51.46804373614063
918,55.06374099183471
919,66.0096252048603
920,30.562826345201987
921,49.66256658609756
922,31.507393540965623
923,26.720707316320464
924,38.306126144916455
925,29.66054192500213
926,51.89356076369622
927,30.649074210763363
928,43.151744888923815
929,29.67961036155285
930,51.13880108260158
931,51.03816504113117
932,62.87030298987116
933,55.05638919578062
934,51.3957208053031
935,59.86283610735413
936,51.365723592449676
937,46.52043830354435
938,46.659856842965965
939,59.546914792820424
940,52.62477389921911
941,47.715831994203
942,44.789103843953825
943,48.052903236540004
944,51.28360329591196
945,52.15430721533798
946,28.68738345789783
947,33.356416679887786
948,59.55794009519566
949,30.17536348918096
950,51.29322803803455
951,52.36119322333107
952,55.866179873320824
953,29.688808458521013
954,31.427209256025467
955,32.30926150179941
956,29.036213830022586
957,28.864121756839754
958,58.291202546012535
959,30.888905407761285
960,48.10806075458442
961,29.830937587637223
962,31.129373017090032
963,30.325804094371602
964,55.41354387137904
965,32.34277876267301
966,52.455452363851386
967,31.4593479996729
968,49.60035275518224
969,50.889197457508125
970,47.6117071436884
971,39.90375914991502
972,49.32142114678578
973,61.267666745304346
974,53.58487127742517
975,55.72762121976978
976,27.270607214342874
977,61.53862472572009
978,49.26186073907573
979,54.142951467424844
980,30.118558869987204
981,52.80007527552959
982,29.626808078634824
983,48.07848081050725
984,69.05621607068277
985,48.72623858995055
986,52.42250326827329
987,52.262066765999386
988,54.68973081611944
989,55.6461158723666
990,31.603240571728648
991,31.81254164889662
992,54.84152425650621
993,30.893088851307592
994,42.281523918821165
995,35.815534539680506
996,56.41869663099758
997,57.05102702645578
998,53.640067962220066
999,52.681074514874574
1000,51.03384053167256
1001,57.44882770345855
1002,27.226454339013124
1003,51.06087303666348
1004,32.82209011370695
1005,53.76998426741123
1006,57.92853206616225
1007,28.082314547365527
1008,53.172150594518705
1009,56.87202346217094
1010,53.61710570253323
1011,34.71155355670494
1012,36.22252403426315
1013,50.688768281443835
1014,51.181485230587064
1015,55.86468782437752
1016,45.78805490671618
1017,32.97718210761851
1018,56.32431953592692
1019,50.62300103032725
1020,21.69089822021656
1021,60.153133927142996
1022,51.43497099340135
1023,60.116446017205526
1024,31.636038156329498
1025,31.49917723083638
1026,54.97779054958968
1027,51.125198423610755
1028,53.0648464972959
1029,30.49328971160541
1030,52.148417058670354
1031,29.89030719479213
1032,26.374305413073607
1033,53.72046850472334
1034,57.46117389757265
1035,51.275731091794356
1036,32.94123388256084
1037,55.82225092073685
1038,47.919190234265635
1039,31.92760412862323
1040,30.25820485359252
1041,52.047696493724885
1042,64.20245159940424
1043,54.47404060596192
1044,33.18164680703996
1045,47.71058433303052
1046,45.69599408308992
1047,30.769686518107783
1048,51.76344345374425
1049,52.57424705753598
1050,48.96280147780796
1051,30.572116224722713
1052,31.55558835775746
1053,50.54504418078453
1054,58.17256633368071
1055,32.65428076753786
1056,30.976041479716454
1057,28.00179077467547
1058,56.91547721521224
1059,49.08577054206289
1060,29.395394408353855
1061,32.05940907416303
1062,30.114494769529507
1063,51.098028637936736
1064,33.31022186458161
1065,48.73412467436296
1066,57.03910767286363
1067,31.32644079848935
1068,49.76213473506348
1069,55.088063790277204
1070,49.173640370891896
1071,51.64047030971206
1072,29.89246389037254
1073,52.920689195919586
1074,50.503059901826965
1075,55.07603359723617
1076,45.43627253852177
1077,53.62747406685071
1078,28.50459585476571
1079,60.90154407060175
1080,55.01239369598835
1081,43.17345824434102
1082,31.84092515665537
1083,34.65726041306898
1084,58.059589113044055
1085,57.20974721214993
1086,50.68695478335101
1087,47.97847200595488
1088,49.001136106505676
1089,52.20782803905618
1090,52.71120564352906
1091,48.62537289080972
1092,49.981386059295275
1093,53.342212404956655
1094,48.36838706759978
1095,31.11767965597724
1096,30.891747217610558
1097,31.58125770290404
1098,29.513658031192072
1099,46.4388391091338
1100,60.222921131624126
1101,71.04904925694842
1102,32.625066024402095
1103,51.92780454788354
1104,52.108109692078166
1105,30.965218963247274
1106,36.09835256199884
1107,46.99934117994917
1108,32.66831243953705
1109,49.49565854819422
1110,51.75300716469833
1111,46.78599093735522
1112,38.21228698223382
1113,51.90945085933434
1114,51.70066514698065
1115,30.275621388954864
1116,59.363424770933634
1117,36.27305712218907
1118,30.69808094271444
1119,56.184683591293066
1120,51.07859420475253
1121,54.68228117118371
1122,47.52847642488211
1123,50.259623517794395
1124,49.9910985472303
1125,30.65529948277435
1126,30.34566931954503
1127,50.02159307364582
1128,52.56158355789617
1129,33.720838410171126
1130,56.43037300273367
1131,54.250531769551685
1132,54.13429876664981
1133,50.66198557584896
1134,49.35246896485637
1135,30.215936354424542
1136,54.520852330304365
1137,51.35403828393915
1138,31.096143652968
1139,56.65480461900558
1140,60.19490334673319
1141,63.95356453746731
1142,49.32952068389986
1143,30.30263747824995
1144,50.56863391076284
1145,56.14898226412666
1146,34.52374255180713
1147,46.92237061792166
1148,41.29009048124462
1149,31.404169537930414
1150,32.91016419179435
1151,39.741127692986964
1152,53.42211569380416
1153,50.19056265102336
1154,51.051176959750364
1155,55.866758766739416
1156,51.459676501152764
1157,32.15126087122864
1158,65.57685967416704
1159,48.38726643080906
1160,34.54020850950762
1161,53.94579076438517
1162,28.5034798838944
1163,58.011336613845536
1164,47.456013480909576
1165,53.56244097209054
1166,48.04240861827231
1167,30.178365603321787
1168,44.8801557615535
1169,51.110574626684716
1170,57.55068966362562
1171,48.928799011010796
1172,48.940919710441236
1173,51.584832944675085
1174,27.979770135212178
1175,50.80993878538182
1176,46.03416729165544
1177,52.9335402715401
1178,50.40601466529533
1179,49.721850036902275
1180,59.89280281520052
1181,51.834756927871695
1182,49.262778770189264
1183,57.72888414378112
1184,34.50879256112943
1185,49.70216996977505
1186,29.742177086505762
1187,52.55114689372684
1188,54.71749517317087
1189,40.92277155144002
1190,50.17700780386747
1191,50.09836034102315
1192,33.039081747927824
1193,47.395412484662735
1194,29.523107949333887
1195,50.7844574210889
1196,50.96464749052682
1197,63.23514159085272
1198,32.966123412814305
1199,58.14936089796758
1200,50.622898235642424
1201,32.73927555094155
1202,29.545555003700795
1203,48.978670686226515
1204,28.90728342301388
1205,31.546329204047105
1206,50.45168809006561
1207,47.65938498453863
1208,32.3394876987377
1209,52.262798839311245
1210,48.91556624052786
1211,53.05354826817956
1212,46.903858644333134
1213,32.326527513334966
1214,41.680953170116965
1215,36.2064492808573
1216,51.25674220007406
1217,53.68736060589727
1218,28.213804266226198
1219,28.511465438156726
1220,52.33996315303745
1221,48.406585192408905
1222,48.40858860232534
1223,34.13195772907041
1224,47.409777873478376
1225,47.058035099072676
1226,29.381430607400635
1227,49.403746697614295
1228,49.37146629097012
1229,32.6014674944348
1230,29.61130768620853
1231,57.77242182452184
1232,25.951976640854607
1233,54.222335924986744
1234,31.450558802679783
1235,53.20439228738104
1236,53.049391451720254
1237,49.90669106531905
1238,55.93711818434457
1239,49.41772890710909
1240,60.13172642291966
1241,27.16832885674092
1242,48.61036231661285
1243,27.961165713257877
1244,31.46256839402008
1245,57.86364767572014
1246,47.84366972545928
1247,51.25380208177452
1248,38.057395618799085
1249,53.442633072910965
1250,33.519225566662726
1251,28.88744233816897
1252,40.746261507498886
1253,25.832083272044805
1254,50.085393872914736
1255,34.28260970589597
1256,50.18697410311346
1257,54.188637615449316
1258,50.93279087198309
1259,53.793062482790695
1260,53.256725037005225
1261,49.90705184303679
1262,53.365641235949774
1263,27.540149829976464
1264,29.67638251973332
1265,29.018200827640662
1266,55.19421476214944
1267,31.584580963648296
1268,27.06662765342169
1269,59.90636289464032
1270,56.244644851059114
1271,29.87158663413137
1272,30.114615344415498
1273,57.330874229285776
1274,49.075755150979376
1275,37.727940197505205
1276,55.27219573289346
1277,48.01589325312596
1278,51.56432296954313
1279,55.96735827082319
1280,53.34635194813181
1281,52.53042250640005
1282,62.1431605182594
1283,48.12792118615803
1284,30.738177680760995
1285,29.234735041771906
1286,33.9783207922175
1287,50.07791645344006
1288,63.188189098623766
1289,40.45068337471932
1290,54.672110291358656
1291,33.95944306207424
1292,49.953733957395514
1293,56.287558642727234
1294,32.37896768113176
1295,31.536065133635823
1296,47.41345892095309
1297,51.94259425774039
1298,32.81069332669275
1299,51.93168639729443
1300,37.839962636890164
1301,30.786928367349045
1302,49.28239766724159
1303,31.499410710565115
1304,53.1142226645066
1305,50.3379250663347
1306,56.95338360395658
1307,53.376062741052664
1308,51.84844343062677
1309,56.98051587961699
1310,50.8128128838144
1311,53.97061727671646
1312,29.86757396759356
1313,40.87176859107608
1314,31.822182202020166
1315,48.806358931192264
1316,50.320127221228454
1317,32.63965869725874
1318,47.69270073241797
1319,41.77674402409218
1320,53.73630901299846
1321,31.401590422393117
1322,46.22402829746922
1323,54.075852838007364
1324,51.687429213719255
1325,65.67297460967863
1326,30.975573543946226
1327,56.1527652554278
1328,30.857408358155475
1329,31.935878040030723
1330,48.02193130525657
1331,47.41976910579693
1332,52.06234752335161
1333,56.4353625134205
1334,41.27541001036284
1335,31.200307233032554
1336,47.82976641401093
1337,54.18442112288901
1338,29.62303025486609
1339,57.677367662622295
1340,31.43135092151826
1341,34.0966778531065
1342,58.87313027025414
1343,58.75239474597398
1344,55.64480080491564
1345,53.839493548139494
1346,53.4174383362373
1347,32.14736693133177
1348,63.69115397075624
1349,30.781354644278164
1350,52.99774055132616
1351,47.164606812878105
1352,18.893242423020773
1353,48.52789474137875
1354,49.67229373342591
1355,44.40457052109276
1356,31.66003171448415
1357,29.94474297145903
1358,30.045831079637196
1359,57.005342245574646
1360,59.956946808834935
1361,26.280498608228786
1362,27.251927023794934
1363,49.16918356311997
1364,30.966272933058246
1365,49.523379721647856
1366,52.955731127048665
1367,54.59239217645618
1368,49.486793485631445
1369,52.11979276883012
1370,50.56495164062777
1371,46.85965486679632
1372,30.746717658663755
1373,54.75361771650708
1374,54.50115858955102
1375,31.87410284954973
1376,28.415636640538604
1377,49.12139574767255
1378,53.055028010245515
1379,46.637952849313265
1380,50.80173550214904
1381,30.905566009111276
1382,33.56958317056199
1383,33.78337028789921
1384,30.547686217076375
1385,29.424757946348823
1386,30.50603516336526
1387,35.64302242009322
1388,49.62896682366026
1389,31.351392899001475
1390,51.62754168756976
1391,49.12116316377501
1392,48.73292859361503
1393,53.27336434646361
1394,50.055008487117846
1395,48.59239210277293
1396,53.05518110070744
1397,54.74950482411004
1398,53.93694929131977
1399,57.29880222814086
1400,51.8213291026818
1401,52.10920095683722
1402,29.25614554511653
1403,41.018495752846746
1404,29.77159807142445
1405,57.75972808755145
1406,50.895463592994254
1407,55.59301572851649
1408,37.460044281925896
1409,28.2875405558406
1410,27.821177165268658
1411,31.1460727706572
1412,31.345776088718722
1413,44.83048184346183
1414,30.654173135159144
1415,26.356078605004125
1416,49.59744977150102
1417,53.24022379371865
1418,27.037664005467732
1419,52.07518696117602
1420,29.939249071681754
1421,52.462061522627586
1422,52.88904364002623
1423,28.501296507092405
1424,34.150478244345564
1425,31.606068791813954
1426,52.98799358728211
1427,53.67594320130148
1428,52.48491389067795
1429,26.42447151710197
1430,27.889887291252112
1431,48.17277318317157
1432,54.88203148602204
1433,46.83923415087723
1434,44.57061341568326
1435,31.803248421107146
1436,50.11123906042444
1437,51.244456375159686
1438,56.069817006480434
1439,51.08376176586131
1440,54.093689546005166
1441,50.93780182708804
1442,42.66069215625109
1443,51.999455183174184
1444,53.999302987668656
1445,30.70383666818153
1446,39.67432239445247
1447,33.393974685021796
1448,54.83724278025646
1449,60.25457012978136
1450,50.067430622702084
1451,52.279809887553235
1452,57.61231239206171
1453,33.019395229126665
1454,31.758081090837045
1455,47.56359997076327
1456,58.52740621567829
1457,52.723290514425614
1458,58.26198613413385
1459,55.9048228314792
1460,48.82888016113491
1461,48.67130171192373
1462,33.02700134067937
1463,50.97228372183735
1464,34.45820279138741
1465,51.37864580738814
1466,52.72904478530112
1467,53.36153744476729
1468,56.774356952542476
1469,54.59280527003622
1470,52.545058337502304
1471,40.37826455184246
1472,55.377075634555936
1473,59.10861548978612
1474,49.397160209222726
1475,49.80010771272881
1476,51.862771237403635
1477,47.11989107598354
1478,37.20478472512662
1479,30.81257878879235
1480,58.83837587292376
1481,52.37227166146432
1482,32.59750076267764
1483,31.208440889162247
1484,28.45946663951628
1485,34.06312401490156
1486,50.609929977969216
1487,53.54965890539639
1488,51.203316311622636
1489,29.312467209390576
1490,50.97615531713594
1491,30.074586222651917
1492,49.387941590875776
1493,61.71488426498169
1494,33.12815458842688
1495,30.3793429136314
1496,53.23191622039313
1497,57.423664813873394
1498,30.654212662194453
1499,51.28655958075898
1500,48.938408181053376
1501,50.390998679091595
1502,34.50887521289363
1503,31.57695292452404
1504,60.3880103060533
1505,52.41704495351411
1506,32.047277055088124
1507,50.270544996698206
1508,53.49731327395986
1509,52.98581647263754
1510,48.98709911562533
1511,47.136632504303975
1512,31.364735127947316
1513,-35.86767664323118
1514,31.53558597268158
1515,30.194716691467423
1516,28.943629821771133
1517,29.924094623220594
1518,32.92878919312645
1519,31.053818522576307
1520,35.88517566218833
1521,45.812575284819765
1522,53.191171882404035
1523,28.42899491146502
1524,34.743855215183025
1525,29.447137099554165
1526,42.14350326518281
1527,56.84494246480277
1528,58.96160821660904
1529,22.768899741468836
1530,32.93353316912714
1531,49.80157309571555
1532,61.36830729243399
1533,32.040024062109275
1534,31.825699206628496
1535,51.909112234018565
1536,49.681300501282955
1537,32.72470932657446
1538,51.240217626571685
1539,50.070590006421156
1540,53.656615059776506
1541,56.98365303043774
1542,44.39459947403705
1543,52.011759666601215
1544,50.431864702314925
1545,52.48438459904045
1546,49.99959645829158
1547,31.32070419673098
1548,31.51609859985026
1549,27.76943311629501
1550,54.88768199665924
1551,56.595803921425215
1552,32.72369450523232
1553,39.729114900627984
1554,57.46134568937988
1555,31.42036803665479
1556,53.134689563739386
1557,52.12065643724275
1558,49.49208456070643
1559,49.05885168490707
1560,50.71343014667413
1561,36.044310254265085
1562,49.26366891264833
1563,31.63591311653634
1564,49.971813471468444
1565,62.38825150612759
1566,50.89080702540391
1567,49.44802143143109
1568,30.116457732334347
1569,52.93936697548925
1570,51.01375164271687
1571,61.99069196247117
1572,26.048605146667697
1573,48.46696384038293
1574,54.837751395872885
1575,30.398161083154708
1576,52.279415139790615
1577,45.14178867057338
1578,30.40626127946548
1579,49.97971787032057
1580,49.35859566365497
1581,57.915845012932465
1582,34.120998941884295
1583,30.782465229272884
1584,48.41480137102066
1585,29.88101065735137
1586,53.269455234288564
1587,30.864371150214406
1588,46.30109067349807
1589,39.89938081558711
1590,46.58879843786684
1591,55.334377430179195
1592,51.417608521504114
1593,54.87488926752886
1594,31.24108299734463
1595,51.500040234255145
1596,50.5625272177832
1597,27.897655480687735
1598,49.74335179873745
1599,48.659460422242425
1600,28.083929190436486
1601,53.6729916931691
1602,52.756642418303755
1603,29.620359271988608
1604,41.59540511300174
1605,27.94988241966147
1606,51.51030370336538
1607,64.1327205772417
1608,41.46573513186845
1609,52.04417688883473
1610,32.68843285435737
1611,28.469516688474705
1612,45.39487143888786
1613,51.30897374476068
1614,50.81158936997498
1615,48.13458886868133
1616,57.553544239348035
1617,32.1308206381327
1618,47.806243070186206
1619,27.425007646459065
1620,48.846624667283315
1621,50.317812053599255
1622,45.92015265138014
1623,32.38401727077204
1624,48.33349475233531
1625,52.845879682353726
1626,29.989734148760355
1627,33.25830365419575
1628,50.91981937910839
1629,33.69564518416538
1630,29.577060525445418
1631,34.5754435951695
1632,23.0536770248644
1633,56.13004628174021
1634,31.74274537794458
1635,49.502298808356535
1636,31.362028205321288
1637,31.945748082003284
1638,54.68774748672185
1639,58.045121756879794
1640,30.437504764798266
1641,32.596653473996334
1642,60.64176318531619
1643,60.27571230319527
1644,50.23196918092477
1645,27.09298120497667
1646,48.88457904821034
1647,29.8925085446759
1648,47.16919494464019
1649,51.82613572927497
1650,63.3983681542244
1651,48.456959284965755
1652,47.51770154269884
1653,56.32946043343309
1654,28.815818750557305
1655,48.32393469402563
1656,64.00836605891267
1657,46.97299319078867
1658,52.728100110589615
1659,30.926836787790897
1660,50.209023483645105
1661,51.97899086188805
1662,32.62590624242759
1663,36.60384389067983
1664,54.61620293292472
1665,28.29187962538033
1666,49.84282197623042
1667,52.354287724577965
1668,30.65166683509481
1669,53.92725961729496
1670,53.657217428364035
1671,45.720750301367126
1672,46.6450255729657
1673,27.83752136246661
1674,30.316705967139978
1675,27.437028901503467
1676,30.101112861379704
1677,54.93804488182645
1678,31.700778640946687
1679,51.132042335958026
1680,47.48258638861161
1681,56.77955568374593
1682,45.39661671350677
1683,52.07874712052493
1684,34.35302121442379
1685,31.068160689370032
1686,48.46629191128191
1687,42.48438133070051
1688,57.93579953711481
1689,35.78650821550558
1690,32.93005614289417
1691,55.158723827037
1692,33.15277935548767
1693,30.05776881043109
1694,52.60955921489098
1695,28.843234066556924
1696,30.609214954080905
1697,43.97980571171597
1698,52.693586244306516
1699,48.60049952513009
1700,27.88926477814477
1701,28.597053460593134
1702,26.42215950839765
1703,52.27146001119854
1704,31.647521865662966
1705,36.77120443800163
1706,51.241036663769115
1707,48.50258567945157
1708,56.2944009166389
1709,41.76324961884849
1710,60.78666173112604
1711,54.74105109792562
1712,50.370277162795766
1713,48.976573354921335
1714,53.29104238842238
1715,49.01504714985813
1716,49.020431172925726
1717,54.9980511245343
1718,32.46402170371239
1719,45.67634324540314
1720,26.88693699838418
1721,49.827519958649496
1722,50.767469937949556
1723,54.22736982440123
1724,30.584615081262996
1725,56.398569640114005
1726,47.54016291205312
1727,29.883287565609162
1728,49.20722285055129
1729,32.61275036827817
1730,32.10541166832538
1731,30.286320275777754
1732,30.21088480187963
1733,53.823575299477135
1734,52.41667271902674
1735,51.57142922661246
1736,30.73583444350645
1737,50.778774391883545
1738,63.492032559710346
1739,35.355173266860284
1740,44.81209669227222
1741,54.20589212610501
1742,32.185064366434425
1743,51.899598168919056
1744,30.573112465480136
1745,38.412189640654695
1746,49.04866069101615
1747,48.61250107298755
1748,31.261692191946302
1749,30.96680403243048
1750,64.48536382702869
1751,32.68511228589293
1752,51.562423709748856
1753,52.82759197930792
1754,39.96275654366862
1755,47.70719621843924
1756,55.57473296837433
1757,51.4210363443805
1758,46.38325764782334
1759,29.98681051836354
1760,53.88583200984381
1761,31.684426615710574
1762,39.84269688895394
1763,53.66359336017746
1764,52.81991505042215
1765,66.12331242259856
1766,29.50408607072511
1767,57.20082129065545
1768,30.63453821195519
1769,50.809345510013905
1770,55.123113715665504
1771,62.731823433377436
1772,69.96934114454899
1773,31.2208730337475
1774,32.00611719339208
1775,30.756362553953537
1776,53.41756672063481
1777,51.51714215370796
1778,28.939333656964287
1779,49.766439558691644
1780,51.43594109859111
1781,31.61037942651318
1782,50.28734869268702
1783,30.76410135337165
1784,54.68945242594722
1785,53.18265639517806
1786,51.81763645889026
1787,52.89140419168235
1788,49.43641670283687
1789,58.347928218566736
1790,51.3270835891176
1791,58.58841628251858
1792,74.0268798537617
1793,50.71775230419197
1794,30.26107457194872
1795,52.86817585873208
1796,54.310791956336104
1797,53.11477103004659
1798,31.06417446784586
1799,50.41053219298656
1800,55.95388903344359
1801,59.52085226403627
1802,35.540169508314726
1803,47.73840786737111
1804,56.24929437532495
1805,32.61461300719267
1806,50.26574195366356
1807,49.95659854695895
1808,52.30053337851632
1809,30.479428829005847
1810,30.643554488219333
1811,32.15618177516158
1812,52.39963290272712
1813,33.39343456842039
1814,33.26069598826255
1815,30.936875301576393
1816,30.315578364000295
1817,53.33859469644275
1818,32.707478566765516
1819,53.410795651305605
1820,56.300151101487515
1821,47.83054281267924
1822,48.672526296277745
1823,49.20971665641301
1824,58.88995380102192
1825,33.015382574113374
1826,53.025388280356516
1827,52.47385859178699
1828,36.23789812566763
1829,46.13195552173582
1830,50.576284648495914
1831,52.96610281668616
1832,63.008361781436854
1833,31.73329793701126
1834,31.040295940593364
1835,29.806127379916443
1836,32.99621096341352
1837,51.57109707103796
1838,50.47906048133042
1839,32.865480491612715
1840,55.486509241099256
1841,50.24654160865929
1842,28.073114266284737
1843,52.99673382080943
1844,50.460940497810995
1845,31.05727552384383
1846,48.93025831341123
1847,32.46804314088016
1848,49.76527732414699
1849,58.71566206898331
1850,32.932125425044156
1851,52.67709995993836
1852,31.89426384984231
1853,54.66069957827416
1854,56.20034408888806
1855,61.53542847941898
1856,49.2966355564738
1857,51.315201681442204
1858,28.54298134809232
1859,57.68779563287703
1860,51.01374722212387
1861,33.11828636751002
1862,30.715333738657538
1863,62.16085717964551
1864,46.05613385573725
1865,54.07764339955446
1866,28.33098356880661
1867,52.30016864228151
1868,48.969988678279634
1869,51.47486477082726
1870,30.396837915984232
1871,48.9317120764067
1872,56.79517678823737
1873,49.28884378501885
1874,29.608981968146622
1875,58.496683472118974
1876,30.75534985677472
1877,53.40243489124484
1878,51.811004081062535
1879,31.35513021335411
1880,48.576535716122706
1881,51.75442076716651
1882,54.82242743886805
1883,32.55016463409665
1884,33.81749292993783
1885,53.429434813787275
1886,29.138115240255036
1887,55.572589398161426
1888,34.56258380382896
1889,54.4997385732041
1890,55.16375146758194
1891,46.591688502300336
1892,31.176796466738665
1893,55.73640004703178
1894,28.41049398791482
1895,59.12808771420051
1896,32.24868198545366
1897,32.731063466463674
1898,62.93681263655477
1899,80.05829468238666
1900,48.947497417969686
1901,53.03303290285701
1902,30.73418765858018
1903,38.31586302272715
1904,67.21668645818555
1905,30.703432165736757
1906,48.894896402060525
1907,54.12728871481553
1908,28.105314262830717
1909,50.593045716711046
1910,31.455523493829848
1911,25.568702543173636
1912,28.274465956456005
1913,47.49332054658653
1914,51.74539187854109
1915,30.8132550591112
1916,54.453999577582024
1917,50.84135788237686
1918,49.18432097642711
1919,52.54391077896075
1920,49.64501617687645
1921,55.32695124331797
1922,30.986992642119624
1923,50.22674197049674
1924,28.757887506138573
1925,35.468218826787854
1926,29.463583917339292
1927,33.358867934340374
1928,53.82197877449602
1929,30.800997512986626
1930,49.13292496274942
1931,52.19646175584562
1932,49.68058458890799
1933,34.3928684932854
1934,55.66676812829563
1935,51.488224930329864
1936,52.757616749637364
1937,53.16689859884301
1938,56.48992669489015
1939,53.01112112811939
1940,44.84495541864689
1941,30.950381493648262
1942,36.16081072951461
1943,30.380053483522133
1944,53.843496492429125
1945,54.75798715108219
1946,53.723804169976134
1947,28.973300329116448
1948,32.148193455137985
1949,46.626876399631335
1950,55.3184484298676
1951,30.664617347636778
1952,30.177006712288875
1953,50.933103080372234
1954,25.58513432955845
1955,54.01429970715366
1956,32.48809156093284
1957,52.710294192258694
1958,66.93532578277073
1959,50.499933415307375
1960,50.729872594429786
1961,29.48319656785187
1962,32.6714079487119
1963,53.2077609841559
1964,50.537313694381844
1965,51.444134637125856
1966,58.58219834309945
1967,51.6153872022508
1968,34.96172488196446
1969,49.50986382744341
1970,29.56898787230599
1971,32.91438540044298
1972,27.255260016407696
1973,23.80890261193607
1974,54.11164975181082
1975,33.8175521132537
1976,48.954555014849866
1977,34.48269945612182
1978,44.770342927046165
1979,51.588916479245206
1980,52.72523179558648
1981,49.06330406253877
1982,32.033298459912245
1983,50.52130046378101
1984,32.678092927408166
1985,50.61451402711787
1986,54.72867667873711
1987,50.28236662814226
1988,56.23907120009111
1989,31.14483526868161
1990,52.033416560666645
1991,51.122884581775075
1992,51.197214168339364
1993,31.775593776191545
1994,31.866377203925122
1995,54.85265782939747
1996,53.571249489697735
1997,29.92171168999916
1998,53.36421530883452
1999,48.38959558415909
2000,48.745112883544216
2001,51.535576466874076
2002,29.05214303920279
2003,55.655106093887696
2004,50.56995681312582
2005,54.82998063378787
2006,48.89172493143101
2007,30.17170350334116
2008,31.61156937469864
2009,55.50402111474125
2010,50.68184863461305
2011,47.68129721988565
2012,50.882289340296566
2013,36.610308575656795
2014,54.22684448698493
2015,30.50667667150735
2016,41.96148296363248
2017,28.4435793887781
2018,47.636337188422225
2019,28.36171731662889
2020,35.764667020188426
2021,50.67783198670813
2022,30.319312039810477
2023,54.74618312995366
2024,53.44589504530625
2025,31.798387541992323
2026,50.368172377937015
2027,62.398144533465
2028,49.308067607723515
2029,48.99519765074208
2030,32.5536898040365
2031,62.31766402195982
2032,33.10177560964645
2033,55.5903541159139
2034,51.299754929635355
2035,52.828341636854816
2036,61.41647420731063
2037,44.73549059495774
2038,53.33726447252805
2039,59.47085394821637
2040,43.8067826683831
2041,49.43603204946034
2042,47.820902818024386
2043,58.2067830964305
2044,46.588088670332965
2045,28.87716405690977
2046,50.291508485828054
2047,23.869211571551528
2048,28.400443608986336
2049,29.42167912194967
2050,50.868139904839275
2051,29.62347700839293
2052,48.36224627129641
2053,59.271177572722706
2054,34.50623782787396
2055,56.65082678605146
2056,50.93887858118098
2057,51.292869486547715
2058,30.331237753626162
2059,52.536267048452
2060,52.84054552788149
2061,29.212725609433132
2062,31.60120395516747
2063,54.907251954575926
2064,53.62070255060829
2065,46.33093259663019
2066,55.707572146408836
2067,28.234181380556254
2068,32.84100765576746
2069,65.96632579013965
2070,32.25806323163882
2071,34.306955952780925
2072,41.64514489106661
2073,61.571091318337835
2074,54.188741782248236
2075,49.7712272872114
2076,50.765359513222215
2077,51.12721489888685
2078,53.42228189680336
2079,60.73847445358465
2080,52.991146014556506
2081,48.60611891983238
2082,29.012344593280435
2083,52.19216725565418
2084,47.93964929230994
2085,32.28972487249469
2086,30.698865047105873
2087,39.666040196371895
2088,37.168541235955445
2089,55.04505297120782
2090,62.55803874459739
2091,48.75715846588444
2092,33.06610291649287
2093,31.57082847753458
2094,35.72576598122664
2095,49.59937507201585
2096,29.13307831545885
2097,43.32419936442426
2098,31.786810495868338
2099,54.929039880227975
2100,31.4670243533349
2101,53.18587326785078
2102,58.38449123229199
2103,32.17829230602242
2104,32.44924153770586
2105,48.63237603483522
2106,56.90675961380977
2107,55.469663536593295
2108,58.21074721077965
2109,36.68517961867525
2110,48.40287488020057
2111,53.81328603945981
2112,33.574366576563406
2113,61.189591060343226
2114,54.12768262412232
2115,49.529092733096945
2116,32.69939814977096
2117,58.878062529069794
2118,43.3400566093349
2119,50.83440215771607
2120,30.444589657588285
2121,30.198689735166287
2122,55.53634856748565
2123,64.74873580601995
2124,31.7633209155992
2125,29.856113642499903
2126,-1291.0765469215355
2127,45.53345742179839
2128,51.76192898033374
2129,30.688656713168978
2130,53.60515029875834
2131,47.97265724512672
2132,51.15853351484019
2133,33.646220403417836
2134,55.076369202027934
2135,31.68130083046424
2136,59.39096433111088
2137,31.551262679923564
2138,33.85583568826827
2139,53.53383111498437
2140,49.67391151860973
2141,32.21393013897425
2142,53.29705435049312
2143,55.43763322297296
2144,51.183510815544125
2145,32.065807600399495
2146,26.350531082754415
2147,28.829184816906338
2148,29.892297137920664
2149,57.19274880733678
2150,66.0440423974531
2151,52.93388706552119
2152,53.705643338803576
2153,48.08813487389635
2154,54.880608703603784
2155,28.43710752163109
2156,32.825833441839116
2157,39.4971174058859
2158,52.961627883272044
2159,55.7675574402751
2160,59.72156466119801
2161,55.410223867648234
2162,34.465201228124556
2163,50.236732542469284
2164,30.385895270998653
2165,50.32285875126842
2166,56.12438642801992
2167,30.61204970825699
2168,28.456080400779953
2169,44.03462401075501
2170,34.56983340979968
2171,44.23123031585416
2172,31.928954139189628
2173,34.02894669538453
2174,31.87688140699826
2175,61.21287039400396
2176,53.984229412371114
2177,53.64032300511163
2178,48.242978592147715
2179,28.39069476428601
2180,32.662452751112845
2181,30.7202582305146
2182,31.12995645729124
2183,26.809951477710687
2184,32.3036879673985
2185,54.95214751646958
2186,31.142823299406704
2187,27.431098887314867
2188,32.93815012622586
2189,33.89504737821437
2190,52.74220264696455
2191,33.11404139144928
2192,33.797422938825
2193,50.48397676656857
2194,51.58088908367328
2195,32.65025185202485
2196,51.95877952743132
2197,50.84538881298181
2198,50.4865632013249
2199,31.0861809643779
2200,32.25322693565815
2201,62.693895814280054
2202,60.2318177893668
2203,51.985777234392465
2204,52.82914582258718
2205,51.46105415219501
2206,28.314513319131976
2207,56.4108174056962
2208,43.612373481969534
2209,28.501122424362794
2210,31.711701033947477
2211,33.306913061571045
2212,32.790894242786585
2213,50.25045704568476
2214,51.641912579886025
2215,52.021521963788416
2216,36.6978190345127
2217,49.78476809536054
2218,61.4945123687107
2219,30.812663365614213
2220,48.0255672183572
2221,65.87053049565868
2222,48.48442076292296
2223,51.83756255355942
2224,30.241702423388237
2225,31.655073069268457
2226,57.74674338013778
2227,47.19754585722424
2228,45.46579938752909
2229,31.606434985043983
2230,31.035221628217755
2231,45.02477116595158
2232,53.574035846725266
2233,47.79911046935916
2234,49.96899414305472
2235,29.49930838402246
2236,31.005047561710267
2237,54.69912810895436
2238,50.52018587492142
2239,53.89734729942274
2240,43.08370247843298
2241,49.63031941326032
2242,62.588698768144056
2243,59.124102807462236
2244,53.77805316780341
2245,31.33274741507978
2246,51.69305225429342
2247,48.63184301276401
2248,48.34343332203161
2249,31.62361300776887
2250,29.28637880130637
2251,31.43381323470211
2252,49.931485741002646
2253,48.38852943144275
2254,65.11671848765243
2255,32.69479857102065
2256,32.459658096237646
2257,32.16786810188656
2258,34.001123043369006
2259,46.50279349484195
2260,42.27788586030937
2261,50.695704003741696
2262,28.68986838066412
2263,65.05770836916872
2264,51.761446327675515
2265,30.65429136553405
2266,46.444444725678494
2267,52.20915674075458
2268,58.61560650424997
2269,68.88216756586749
2270,28.746648831815804
2271,52.34661784485917
2272,65.14621071550164
2273,52.213678368062936
2274,54.309183850633005
2275,48.685644846495244
2276,32.79079568540176
2277,27.746457484008303
2278,51.812270650662335
2279,51.83689644314556
2280,48.68773288875217
2281,56.49024575870296
2282,50.25407359430582
2283,27.44202374511083
2284,52.601982908650726
2285,56.92510616090956
2286,49.596670013134954
2287,49.166523633301956
2288,48.407995186539054
2289,51.05336150677258
2290,32.77656887647134
2291,31.619375345241153
2292,25.409361877593923
2293,30.6457501677416
2294,49.310834575209505
2295,54.668804965737536
2296,29.182324296212116
2297,30.071375958795187
2298,48.26207096182676
2299,52.72521789956029
2300,54.40958101278063
2301,51.53672989483948
2302,72.55727340787402
2303,57.646433880767134
2304,49.21369068663392
2305,51.048459095402855
2306,58.393551626214226
2307,32.72127128710226
2308,30.751475994127016
2309,35.04762730449003
2310,59.31309527213095
2311,29.361022285145417
2312,47.96177964387322
2313,54.03153563225604
2314,50.160930457755505
2315,52.957802600497075
2316,39.25429181756674
2317,54.85365465720971
2318,57.09010095853079
2319,29.010964021060715
2320,32.140874522869915
2321,43.538228197826
2322,34.04633848423255
2323,31.414943346169046
2324,31.02679343001733
2325,26.72006145840062
2326,33.21330688301839
2327,55.709567765088266
2328,34.436242664646265
2329,51.4176676895668
2330,53.64489660851767
2331,31.515591766865775
2332,55.75970183903001
2333,32.88525074805694
2334,46.27843756172441
2335,60.600151919654685
2336,31.50059882795336
2337,33.872428805743155
2338,57.779775570250486
2339,49.41757863803484
2340,52.31150620252535
2341,33.06231558432967
2342,60.2986554513629
2343,32.453574917126204
2344,32.22056858055378
2345,29.709139860004104
2346,27.245787588314702
2347,53.58929622513794
2348,50.628739739956146
2349,35.58174410038906
2350,48.35944487729159
2351,32.13944361079717
2352,56.55848191063525
2353,30.437815254382887
2354,60.875752603442066
2355,43.55986723097582
2356,61.052155815261436
2357,34.80567182390781
2358,26.789801381999794
2359,52.49654490451405
2360,-42.57519315666742
2361,48.09992439249795
2362,52.02161859894896
2363,52.21450870223615
2364,50.21303168532231
2365,25.747997015095507
2366,53.9075994034376
2367,48.00290960232508
2368,48.1325990544711
2369,29.764285549289212
2370,28.80448152823801
2371,56.523969907453576
2372,49.10991128485134
2373,59.86244728553288
2374,54.4414359306328
2375,46.42212443261748
2376,25.260979776523314
2377,51.886823106147325
2378,54.991506112067704
2379,51.313835151161534
2380,55.78659270536626
2381,52.33819752400145
2382,60.68794461842018
2383,52.14181405884329
2384,51.06241849779762
2385,50.567076851670464
2386,23.320806726826433
2387,51.21830218750948
2388,32.35619102015032
2389,46.758618051317775
2390,30.32567436654193
2391,31.133825806729483
2392,41.64765351819858
2393,46.369093943300484
2394,50.11930638429857
2395,27.21409056538479
2396,53.076189462242716
2397,48.145620090801366
2398,52.614517751558104
2399,51.904841527190925
2400,30.77228993767742
2401,55.63164719818163
2402,38.314224384512094
2403,53.04149947309362
2404,51.021328704371335
2405,31.14752630265812
2406,59.13880516207965
2407,51.17130667830499
2408,53.93881289691083
2409,52.43844325435913
2410,51.40923811889081
2411,31.731883910037133
2412,30.614786557309532
2413,49.814723688127955
2414,29.959449229232547
2415,49.91804269338728
2416,50.61167123887923
2417,49.91538574534302
2418,55.97022651449822
2419,31.178915249108844
2420,51.00034824093449
2421,48.932174637549195
2422,31.909372822566677
2423,32.09069756360312
2424,57.67111833635641
2425,30.7244109788866
2426,31.173845529486215
2427,30.313450687439047
2428,48.2604851790999
2429,35.66814735422915
2430,29.834591180129284
2431,36.52881610048711
2432,47.53661000829008
2433,30.81919970306519
2434,53.42547750647684
2435,50.38641401733435
2436,33.91128820952495
2437,53.59679515319121
2438,53.40440210367463
2439,52.904961117419504
2440,30.47188530690625
2441,50.04029606729557
2442,46.495319291386366
2443,47.41504293174863
2444,57.46987599705453
2445,57.5141393132789
2446,47.44770854663028
2447,28.76527999477077
2448,34.407045932148776
2449,29.92028491022299
2450,48.23630083704618
2451,29.233703367857252
2452,40.283388278477524
2453,53.49673729237138
2454,56.39181588933717
2455,32.83207149315778
2456,47.81622866636939
2457,29.829137677808262
2458,50.19898464767067
2459,32.86596440223584
2460,31.394357207551284
2461,32.56995203457897
2462,53.34296780812789
2463,53.29841898583537
2464,48.98014161065607
2465,29.236547252911265
2466,29.441977193240252
2467,32.11516017629491
2468,54.091703670510086
2469,58.504991790004865
2470,50.82793713400096
2471,49.39597037522
2472,46.76674652203184
2473,49.36895503424799
2474,31.843173195585404
2475,51.71866342544277
2476,29.125927158331216
2477,53.74160162245368
2478,52.155989880459224
2479,52.34597631668558
2480,34.45705353749492
2481,55.30825885581761
2482,47.39502736694038
2483,53.27940600083276
2484,28.003238978052934
2485,31.46743024989795
2486,54.36802230967597
2487,32.99821450733236
2488,54.60879287209719
2489,31.323322397672946
2490,33.00016001315888
2491,54.492203903709374
2492,32.22159866106753
2493,54.62553135557121
2494,56.5535456760664
2495,49.22282920264071
2496,28.157791789226273
2497,49.210588573377564
2498,53.331867855892206
2499,49.048757156262894
2500,31.774735728698346
2501,50.552423612953454
2502,67.7035698010435
2503,50.47539389147558
2504,53.97045527603424
2505,52.422653630923136
2506,34.42597784664037
2507,47.773233024939884
2508,57.9681041950481
2509,49.52204097904877
2510,48.32124356754921
2511,51.84999247214482
2512,52.88304163745789
2513,53.031078818276704
2514,31.92763523704084
2515,35.44779428001191
2516,26.865634701335267
2517,49.01934673760678
2518,56.823515263194736
2519,35.39519632375091
2520,32.881485143429174
2521,56.57761015016995
2522,50.10001003912599
2523,30.87709321905448
2524,34.539124808758245
2525,49.8435055926967
2526,30.879159989872257
2527,47.82532612395367
2528,53.444605849165015
2529,35.05766106887294
2530,48.2087048218158
2531,47.733305462419466
2532,52.85442585205064
2533,46.1457702069275
2534,51.09504829194259
2535,52.18116103791661
2536,54.92626889678467
2537,61.27082743373098
2538,50.7477419588362
2539,51.33735524387934
2540,46.93460820150544
2541,51.027199860435644
2542,45.49278113160074
2543,51.331145075782096
2544,31.25545910183648
2545,64.24623338847118
2546,49.616079192146955
2547,43.114218734163266
2548,55.786256572470705
2549,54.43917517670176
2550,30.59888942438584
2551,30.817567900569262
2552,31.611419023040792
2553,30.873072036820066
2554,29.810632856000375
2555,54.98235745646526
2556,55.52041543889214
2557,52.5247007575658
2558,38.374866395019126
2559,33.34944442815002
2560,51.08540627020507
2561,63.531726157672125
2562,50.954433789278426
2563,62.8021140292687
2564,53.91739843990719
2565,46.16774055754159
2566,30.02485062016497
2567,34.7439036665825
2568,33.342744291202145
2569,56.12410757083098
2570,50.38590248387709
2571,50.31876102438558
2572,32.43167190210857
2573,30.799235975072612
2574,41.937542653370265
2575,30.648893392054113
2576,34.49610963013518
2577,49.978247175312035
2578,49.88721365323377
2579,51.876244709890116
2580,29.448730492405197
2581,33.73931964979365
2582,32.17560761447032
2583,46.730868281107746
2584,38.637615127011934
2585,32.57889054760202
2586,31.917035145128548
2587,52.44771924778004
2588,55.99566294786886
2589,30.970283313200348
2590,29.63219723789224
2591,49.40788224560265
2592,45.949173346546274
2593,33.68859035941216
2594,29.63825201485477
2595,53.0210867470785
2596,51.8440897581509
2597,57.80566061956607
2598,23.152701076529162
2599,32.00519947524338
2600,48.50523209449198
2601,47.81177632108161
2602,49.21567394956155
2603,47.03282697979791
2604,28.279576535810964
2605,51.871455478606364
2606,49.91545963470051
2607,53.89513431058312
2608,48.32409697442785
2609,57.22222682822507
2610,57.97974635580271
2611,31.994890219676012
2612,52.13014789517628
2613,41.61362164565517
2614,58.303398985862174
2615,45.23404916356252
2616,51.4217520552903
2617,52.08016525057132
2618,48.460915324923384
2619,60.88052737206279
2620,54.12118424513922
2621,52.1149393195825
2622,61.12770786415102
2623,65.68278909061672
2624,58.05908288714346
2625,47.177881755187684
2626,32.62948532704935
2627,47.19510136325316
2628,55.14885949696734
2629,57.11990582654137
2630,31.860902518208498
2631,25.86115290637975
2632,34.69162488953522
2633,34.29714989855622
2634,61.89439892878618
2635,55.77546628186008
2636,51.700618952855386
2637,31.186213034823187
2638,52.07858736717335
2639,36.24490194945449
2640,47.36388643622571
2641,52.858520299068346
2642,51.01012640592896
2643,44.05410281880054
2644,51.801709783263874
2645,49.14227248133767
2646,29.57254133090165
2647,28.67141686327354
2648,31.554696511048693
2649,50.225457531864194
2650,52.85999930122368
2651,29.8056131072786
2652,51.935598085425106
2653,51.69687653078062
2654,30.414931655004402
2655,47.00997976778319
2656,32.02786257459519
2657,52.866095276079605
2658,48.47246717943747
2659,49.15352543998148
2660,51.031810460220136
2661,45.83329466055915
2662,29.3404528884335
2663,51.35328365838365
2664,30.05932417345363
2665,32.12884454173128
2666,32.21699591046302
2667,49.97701996896555
2668,70.48232570362343
2669,35.24515625117685
2670,45.837928263420125
2671,30.85885222194609
2672,41.13539397486982
2673,51.08906531977522
2674,51.192845980618316
2675,30.216979174685875
2676,55.68383243747249
2677,45.67889396560474
2678,50.19504125788158
2679,34.805442837682804
2680,54.921232416485665
2681,50.05677307920746
2682,31.22738001867849
2683,50.80964334514507
2684,49.67336187046495
2685,57.836204793790515
2686,53.038442863195314
2687,32.920792396001396
2688,49.79271983237032
2689,48.09408232387945
2690,52.9208840822847
2691,53.47072970267911
2692,49.02869303105332
2693,54.244771859044484
2694,30.97889910073121
2695,31.975568041208465
2696,43.357526945161446
2697,36.17754900232877
2698,59.10224429313877
2699,28.621005940907985
2700,28.683762691064643
2701,50.031168159708486
2702,51.81406306342664
2703,55.22689729760629
2704,52.84982767772091
2705,51.54635332168036
2706,48.34199743160832
2707,53.87911975061867
2708,31.45020758892045
2709,28.51166952986093
2710,54.85175402734634
2711,49.4891223955546
2712,31.630787329008427
2713,60.67162010186342
2714,31.34293458509063
2715,51.87305455536998
2716,48.42785118053368
2717,44.18340901980605
2718,34.76838857731049
2719,51.13476322287679
2720,27.560709104071968
2721,30.979963909469244
2722,29.10294552039251
2723,53.52368307685407
2724,26.50045455086321
2725,52.19794760731372
2726,37.32234138903848
2727,48.322661248428105
2728,35.13107064758292
2729,45.00032387651095
2730,53.188056539999465
2731,34.045293246478394
2732,52.65449390300756
2733,36.48455500384693
2734,57.85920540651603
2735,47.63664812391329
2736,57.769152278349864
2737,50.313973707685726
2738,56.546297463372774
2739,51.863764796249846
2740,47.84910919614585
2741,43.99187560839498
2742,41.578145104419406
2743,48.83969505381991
2744,30.568040509317008
2745,58.587419557989854
2746,49.59844667260553
2747,49.75276265987712
2748,24.937058024627685
2749,28.732574799373964
2750,57.79183353523316
2751,30.800353883885286
2752,58.4338481533122
2753,54.57048055733649
2754,49.70667581282944
2755,35.70591229988617
2756,49.405670984966896
2757,31.33465071696059
2758,56.65682700718757
2759,49.43478914254408
2760,54.663741582855785
2761,53.585000140299556
2762,53.2802128606912
2763,48.554927042782325
2764,51.99814547567347
2765,47.6337374596745
2766,52.68354624163496
2767,51.545946382059526
2768,46.52077285605576
2769,33.32031117318231
2770,59.59990003431894
2771,50.96354697848243
2772,49.07712439862056
2773,48.18426320010433
2774,55.93407889806957
2775,32.75670123905421
2776,50.15273290217983
2777,29.006827390248723
2778,52.659045581560584
2779,30.807542622557225
2780,55.002970477576866
2781,29.687526881679204
2782,31.7353084340299
2783,54.359775908789366
2784,29.995348742144657
2785,45.45189851628084
2786,55.710951692529854
2787,34.706634869121565
2788,27.695021386319247
2789,31.774193103458007
2790,30.676282583720738
2791,57.04769876183816
2792,29.954388296520907
2793,29.59800958861904
2794,55.31758590614417
2795,37.668149228658315
2796,51.10373805877191
2797,53.85998727900225
2798,28.75213139711191
2799,49.01343185057933
2800,47.3089914437336
2801,56.0599043787776
2802,32.25142608037241
2803,54.354202446358045
2804,56.09632427184519
2805,31.634974826892368
2806,34.867669591526024
2807,50.78499040915927
2808,50.577973752681665
2809,51.681336552587936
2810,29.166244662338457
2811,51.95853233633193
2812,50.50430779960744
2813,53.32610285244536
2814,55.01409033988494
2815,47.19768992692544
2816,31.551976545358485
2817,52.69757196463568
2818,32.31942925509402
2819,29.21172952684556
2820,32.64493391928701
2821,32.78661643404318
2822,33.023198139092514
2823,49.14359138476649
2824,32.078825851702035
2825,52.88063768665815
2826,56.92161105341919
2827,55.26126362034711
2828,29.48346161846493
2829,29.99229643191187
2830,50.14173400012866
2831,72.626277519204
2832,34.38944467991531
2833,55.12666228612725
2834,34.22062370931334
2835,59.17160987994375
2836,50.60058849825446
2837,41.66248003109909
2838,58.74896878472051
2839,51.079525861936936
2840,28.152886304097866
2841,50.80846755038086
2842,39.72998024880556
2843,56.48954768504625
2844,56.381188805785946
2845,48.234526548237746
2846,26.534033650793017
2847,33.20130127711932
2848,50.129388761329274
2849,54.23737247925694
2850,50.49953231268559
2851,54.14862670460072
2852,32.7980402447119
2853,29.16985220437558
2854,47.176834784339654
2855,51.00017476943972
2856,52.11370121397812
2857,48.43625938454344
2858,50.5502457241166
2859,27.788789653800016
2860,53.264989765960536
2861,34.91707127514552
2862,57.317754124808275
2863,50.29833851564053
2864,52.19844200960165
2865,51.03571648201382
2866,50.524073346498284
2867,53.230352714382995
2868,62.15760327438621
2869,36.62261976834301
2870,32.17357848302582
2871,29.945323139538992
2872,54.70496698208028
2873,30.898757604068013
2874,54.60169457104633
2875,59.98009074706078
2876,52.68507781398775
2877,51.76678370578185
2878,48.10667297697175
2879,57.873238471579164
2880,48.68726630348915
2881,48.65023570356094
2882,37.821122894386285
2883,56.36354994914414
2884,42.886650967083895
2885,50.39027085637031
2886,50.7159664768022
2887,29.657486399888953
2888,61.32852091204505
2889,53.54246661606247
2890,30.96795797835641
2891,49.65364900383345
2892,31.955600921256966
2893,54.41933609413506
2894,55.320149676333415
2895,51.9348966206063
2896,55.82277830338311
2897,33.31158802294158
2898,49.72631952405129
2899,52.80328936183455
2900,64.84809850899994
2901,51.830784268716315
2902,55.67109574274759
2903,34.33983858862376
2904,51.00535235491126
2905,52.183557764442156
2906,31.94363656632939
2907,50.53693212334639
2908,33.6532656016695
2909,61.58237576704067
2910,57.45343695659962
2911,31.480741004479412
2912,31.079405299801145
2913,48.59736621719749
2914,58.88204530079085
2915,48.905703913352845
2916,49.32984883814114
2917,49.35218135496843
2918,54.91784606801067
2919,60.35701681271057
2920,54.26612613231487
2921,28.640790898031614
2922,55.89981353503877
2923,51.829800054169105
2924,30.745281368231925
2925,34.42449758999582
2926,32.052847839763196
2927,33.58557251758717
2928,60.86974902242063
2929,51.64903075917723
2930,46.88548986607378
2931,55.0258336655143
2932,60.424860578900564
2933,53.25532073746867
2934,50.567494134328385
2935,51.61552312884512
2936,54.39184179019676
2937,49.161485417863815
2938,52.78698156437372
2939,50.18619370048049
2940,53.17843255189574
2941,50.82213700943196
2942,63.293880687013726
2943,27.01654189274547
2944,49.80569168754774
2945,32.86675924200739
2946,28.6659361908893
2947,54.203517013123374
2948,53.85314577592843
2949,53.14869270372622
2950,52.246295095053455
2951,52.72462390205429
2952,32.52873597310659
2953,27.794910040742828
2954,31.531529168083747
2955,56.314070562412496
2956,44.32791187829005
2957,35.19324449338617
2958,50.37354417852005
2959,34.56333579935534
2960,59.85436438353915
2961,51.95617601858062
2962,31.92417192328812
2963,30.311697573218996
2964,64.09435701740136
2965,61.72650839587202
2966,31.916167748163843
2967,59.75240944156256
2968,30.805202205164576
2969,53.44886593098265
2970,43.045479616190846
2971,50.1273184540885
2972,53.02594563974575
2973,51.00848041656103
2974,54.099423535997815
2975,48.684614983702154
2976,30.714624291700318
2977,53.88278680416458
2978,50.10074052659728
2979,51.34612035116043
2980,55.89392619223332
2981,30.654759661289933
2982,54.17533623034175
2983,29.92180096149047
2984,43.48121295334495
2985,54.38909798067198
2986,49.744166858506986
2987,49.83023087401274
2988,54.80276194679607
2989,30.994496772359263
2990,29.87591776982855
2991,31.502572129834398
2992,28.710155157579642
2993,50.248005404624315
2994,50.60109566384468
2995,32.13433069023314
2996,52.13196006411676
2997,48.96246203534684
2998,31.084862499208604
2999,48.475514852409695
